{"cameraMode":{"drawMode":0,"name":"Shaded","section":"Shading Mode"},"sceneLighting":true,"audioPlay":false,"sceneViewState":{"showFog":true,"showMaterialUpdate":false,"showSkybox":true,"showFlares":true,"showImageEffects":true,"showParticleSystems":true,"showVisualEffectGraphs":true,"m_FxEnabled":true},"in2DMode":false,"pivot":{"x":-33.52307891845703,"y":49.366058349609378,"z":-43.07490921020508},"rotation":{"x":-0.21816577017307282,"y":-0.08764075487852097,"z":0.019400784745812417,"w":-0.9718087315559387},"size":23.035804748535158,"orthographic":false}